clusterName,clusterSize,f_score,PPV,recall,TN,FP,FN,TP,marker_count,NSForest_markers,binary_genes,onTarget
Cholinergic,3517,0.8602689384448342,0.9744560075685903,0.5857264714245095,205535,54,1457,2060,3,"['CHAT', 'SLC5A7', 'CREB5']","['CHAT', 'SLC5A7', 'CREB5', 'TNS1', 'AHNAK2', 'PAPPA', 'MSN', 'ANXA2', 'RET', 'HTR2A']",0.793710278427952
GABA-Gluta,337,0.6453558504221955,0.8699186991869918,0.31750741839762614,208753,16,230,107,4,"['NR4A2', 'CBLN2', 'BCL11B', 'ADGRA3']","['NR4A2', 'CBLN2', 'BCL11B', 'DLK1', 'ADGRA3', 'NOS1', 'STAC', 'CDH9', 'ST6GALNAC5', 'PDE1A']",0.6125269277863983
GABAergic,46397,0.8439297808159837,0.8943567349680887,0.6886221091880941,158935,3774,14447,31950,1,['SLC6A5'],"['SLC6A5', 'GAD2', 'PAX2', 'PAX8', 'LAMP5', 'KCNMB2', 'GAD1', 'GRIK3', 'ZNF385B', 'NXPH1']",0.7511140686703793
Glutamatergic,54674,0.8958953004164188,0.915149182685491,0.8263525624611333,150243,4189,9494,45180,1,['SLC17A6'],"['SLC17A6', 'NRN1', 'CPNE8', 'SST', 'GALNT14', 'C8H11orf87', 'MAPK4', 'VWC2', 'PLPP4', 'DLGAP3']",0.6025159125512792
Non-Neurons,104104,0.8794087347846125,0.9198676670408223,0.7478386997617766,98220,6782,26251,77853,1,['ZEB2'],"['ZEB2', 'DOCK1', 'WIPF1', 'SASH1', 'RNF220', 'MEGF10', 'PLEKHG1', 'ST18', 'PRR5L', 'PLD1']",0.4522472694496509
Unknown,77,0.7805907172995781,0.925,0.4805194805194805,209026,3,40,37,1,['DDC'],"['DDC', 'TPH2', 'MALRD1', 'SHOX2', 'TOX', 'SLC6A4', 'GATA3', 'GCH1', 'RNF220', 'CRB1']",0.8407327417810764
